intensity,simmetry,class
0.44413086,-5.4968125,-1
0.12304297,-0.707875,1
0.11385937,-0.931375,1
0.11537109,-0.386,1
0.10228125,-0.3788125,1
0.14204297,-1.8194375,1
0.14896484,-0.9749375,1
0.12889648,-0.521625,1
0.21798242,-3.359625,-1
0.1438125,-0.2509375,1
0.18283984,-1.0160625,1
0.14866406,-0.3103125,1
0.13639648,-0.3523125,1
0.13327539,-0.8525,1
0.304,-4.2009375,-1
0.170125,-0.8236875,1
0.16058398,-0.5146875,1
0.18338477,-1.7868125,1
0.18854883,-1.38175,1
0.33870313,-4.6759375,-1
0.14189258,-0.6160625,1
0.36472656,-5.27075,-1
0.32936523,-4.9815,-1
0.22682812,-0.9900625,1
0.14505859,-0.5869375,1
0.17768945,-0.8363125,1
0.093220703,-0.5623125,1
0.1409375,-0.6854375,1
0.19998828,-4.3165625,-1
0.1327793,-0.6373125,1
0.15301367,-0.3863125,1
0.13911328,-0.42825,1
0.12841992,-0.312625,1
0.13370312,-0.8206875,1
0.19053711,-0.814,1
0.22575,-0.9669375,1
0.10354883,-0.8704375,1
0.13164844,-0.6746875,1
0.14570117,-0.6723125,1
0.17437305,-1.1169375,1
0.14452539,-0.301,1
0.25895117,-4.7979375,-1
0.24378906,-4.7823125,-1
0.29211523,-5.5613125,-1
0.13310156,-0.8990625,1
0.18447266,-3.474625,-1
0.10353711,-0.32425,1
0.11791602,-0.928125,1
0.15707422,-0.3799375,1
0.20691602,-3.74675,-1
0.17952344,-0.905875,1
0.1520625,-0.365125,1
0.14062305,-0.4494375,1
0.1064707,-1.0458125,1
0.20191211,-3.6116875,-1
0.15307227,-0.6921875,1
0.4447832,-5.192375,-1
0.22581641,-4.0114375,-1
0.14643359,-0.4403125,1
0.19324805,-1.237,1
0.30793359,-6.8123125,-1
0.24226758,-5.4451875,-1
0.18004688,-0.73,1
0.33945508,-5.1548125,-1
0.34478125,-5.5698125,-1
0.09053515599999999,-0.549875,1
0.18330469,-1.0176875,1
0.35733008,-5.43475,-1
0.13256836,-0.4560625,1
0.13386133,-1.2381875,1
0.23699023,-4.6709375,-1
0.31241797,-5.316625,-1
0.20066016,-0.89125,1
0.22704492,-4.5253125,-1
0.22024414,-0.4883125,1
0.13918359,-0.2368125,1
0.16456055,-2.7685625,-1
0.35155469,-4.9226875,-1
0.14582422,-0.899875,1
0.11248828,-0.94625,1
0.11079297,-1.479125,1
0.22054102,-4.6275625,-1
0.14000195,-0.3459375,1
0.17200195,-1.5355625,1
0.17664258,-0.5855625,1
0.19665234,-1.8435,1
0.11981641,-0.8105625,1
0.20003516,-3.9598125,-1
0.15559375,-1.099625,1
0.13248242,-0.472,1
0.094105469,-1.25525,1
0.10238867,-0.5438125,1
0.16658594,-0.6339375,1
0.14530859,-0.7505625,1
0.13091406,-0.335375,1
0.21311133,-0.706,1
0.11116211,-0.5193125,1
0.18099805,-0.7325625,1
0.27249219,-4.408625,-1
0.13950195,-0.3895625,1
0.14158398,-1.0695625,1
0.10040625,-0.363125,1
0.20799219,-4.0975625,-1
0.17087891,-0.721875,1
0.1547793,-0.430125,1
0.241625,-0.6540625,1
0.17457617,-0.277875,1
0.18857422,-0.419,1
0.23095117,-0.7899375,1
0.35479102,-5.16575,-1
0.13761328,-0.2299375,1
0.27346484,-5.3194375,-1
0.13340625,-0.3335625,1
0.12943359,-0.3091875,1
0.13410156,-0.3480625,1
0.12999609,-0.2566875,1
0.11766797,-0.6435,1
0.19902539,-0.705375,1
0.11714258,-0.2729375,1
0.1849043,-3.6331875,-1
0.1092793,-0.1195,1
0.14020508,-2.8765,-1
0.13987891,-0.900375,1
0.1466582,-0.7234375,1
0.35932617,-6.08425,-1
0.18685742,-0.795125,1
0.15216406,-1.026125,1
0.33897266,-5.44625,-1
0.098416016,-0.5598125,1
0.18373828,-0.7175625,1
0.20873242,-0.837375,1
0.26691406,-3.8111875,-1
0.14672852,-0.4580625,1
0.19811523,-0.6894375,1
0.18283203,-1.520625,1
0.11626172,-0.3598125,1
0.1512207,-0.6226875,1
0.10675781,-0.5901875,1
0.13518945,-1.040625,1
0.12067969,-1.18375,1
0.10128711,-0.4778125,1
0.1440918,-0.530375,1
0.12871094,-0.45625,1
0.15054688,-0.7015,1
0.32707617,-5.3795,-1
0.22023828,-1.059,1
0.36448047,-5.8969375,-1
0.4319082,-4.9931875,-1
0.19747266,-1.3880625,1
0.34739258,-4.986,-1
0.28666016,-4.5425625,-1
0.21938672,-3.08825,-1
0.12100586,-0.6644375,1
0.23962695,-3.3054375,1
0.18341992,-0.5265625,1
0.068253906,-1.364625,1
0.15165234,-0.2708125,1
0.28221484,-5.066125,-1
0.33359375,-4.6084375,-1
0.24210937,-3.6994375,-1
0.15173438,-0.3281875,1
0.17936523,-0.338875,1
0.39511133,-5.375,-1
0.22475195,-0.9225625,1
0.13105469,-0.5008125,1
0.23009766,-1.691,1
0.30248438,-5.774375,-1
0.18441602,-3.94975,-1
0.19592383,-3.6909375,-1
0.26565625,-4.6618125,-1
0.35425195,-5.4400625,-1
0.34451172,-5.8075,-1
0.35028711,-6.351625,-1
0.18833008,-0.6915625,1
0.30993359,-5.042375,-1
0.52801953,-5.481,-1
0.097367187,-0.3933125,1
0.11523828,-0.337875,1
0.34674805,-4.9859375,-1
0.31473047,-4.4974375,-1
0.21329102,-1.593375,1
0.16533203,-3.7995,-1
0.24764258,-2.31925,1
0.18626758,-0.37225,1
0.11413086,-0.477125,1
0.13545703,-0.464375,1
0.16185547,-1.519125,1
0.10926758,-0.602625,1
0.14279883,-0.327,1
0.15260742,-0.6134375,1
0.13732227,-0.7014375,1
0.16117578,-0.577,1
0.24395898,-0.680875,1
0.1559375,-0.8766875,1
0.10433789,-0.7885625,1
0.14129492,-0.4656875,1
0.37476758,-6.0885625,-1
0.12355664,-0.64775,1
0.22929492,-4.1615,-1
0.22442969,-3.56525,-1
0.33296875,-5.5289375,-1
0.16250977,-0.47425,1
0.082808594,-0.74025,1
0.14485938,-0.651875,1
0.27114648,-4.04875,-1
0.084984375,-0.5738125,1
0.17481445,-0.4135,1
0.10628906,-0.8430625,1
0.10816211,-1.3498125,1
0.21854297,-4.6409375,-1
0.11371484,-1.3401875,1
0.19671875,-0.690875,1
0.16481641,-0.7265625,1
0.17062695,-1.560375,1
0.11067187,-0.37425,1
0.16874414,-0.8499375,1
0.14517578,-1.09425,1
0.21433203,-0.5856875,1
0.1915625,-0.5208125,1
0.37276172,-6.2431875,-1
0.16689258,-0.5921875,1
0.21350781,-4.545,-1
0.10826172,-1.0439375,1
0.36864453,-5.4316875,-1
0.13022852,-0.74225,1
0.17794922,-0.6195625,1
0.16685937,-0.8211875,1
0.11771094,-0.544125,1
0.13186523,-0.550625,1
0.13156836,-0.504875,1
0.098625,-0.66875,1
0.1880293,-0.5796875,1
0.19277148,-0.5951875,1
0.22143555,-0.4406875,1
0.22935352,-0.6626875,1
0.14379492,-0.279,1
0.24325195,-0.4575625,1
0.12187695,-0.573875,1
0.35889258,-6.5419375,-1
0.12307812,-0.750125,1
0.14494531,-0.4871875,1
0.07180664099999999,-0.5965625,1
0.10868945,-0.1948125,1
0.16311719,-0.6065,1
0.43250195,-4.395375,-1
0.22277734,-1.3945,1
0.11905273,-0.72825,1
0.1243418,-0.2868125,1
0.13659961,-1.093125,1
0.16690234,-0.4658125,1
0.13354297,-0.4223125,1
0.37187109,-5.5975,-1
0.31933203,-4.76475,-1
0.15263867,-0.5178125,1
0.29941016,-4.748375,-1
0.22716406,-0.7374375,1
0.31458398,-6.05,-1
0.21747852,-0.8331875,1
0.098914062,-0.388625,1
0.1780957,-3.2313125,-1
0.1644043,-0.570625,1
0.14757227,-0.2563125,1
0.16332227,-0.216,1
0.35349219,-6.191,-1
0.11821484,-0.8154375,1
0.13314062,-0.5588125,1
0.12799414,-0.743125,1
0.13647852,-0.844625,1
0.15538281,-0.9361875,1
0.16656641,-0.6311875,1
0.14892383,-0.8833125,1
0.11047852,-0.599625,1
0.13817969,-0.2635,1
0.11149023,-0.2650625,1
0.21555273,-0.8249375,1
0.1419707,-0.6945625,1
0.10350977,-0.1501875,1
0.085785156,-0.5461875,1
0.09492968800000001,-0.6895,1
0.10053125,-1.1860625,1
0.14802344,-0.3280625,1
0.30542383,-4.773875,-1
0.11340039,-0.3565625,1
0.1297207,-0.468625,1
0.09321679699999999,-0.45825,1
0.13148437,-0.5563125,1
0.25544727,-3.8409375,-1
0.16048437,-0.496375,1
0.14639062,-1.8294375,1
0.12647656,-0.446,1
0.22999023,-4.06075,-1
0.11014062,-0.635375,1
0.24110547,-0.6,1
0.25077539,-1.1349375,1
0.21479102,-3.233,-1
0.14623242,-1.0671875,1
0.15272266,-0.494,1
0.2909043,-5.123375,-1
0.091390625,-0.3915625,1
0.20551367,-0.3664375,1
0.25061328,-4.3894375,-1
0.20934961,-3.377625,-1
0.16712305,-0.8416875,1
0.19735156,-0.4304375,1
0.16803906,-1.3530625,1
0.2040625,-3.052875,-1
0.10358594,-0.9358125,1
0.17791992,-1.055,1
0.12116602,-0.2950625,1
0.10192383,-0.33725,1
0.17878906,-0.7194375,1
0.10512695,-0.3761875,1
0.11716797,-0.493375,1
0.092326172,-0.365625,1
0.14992773,-0.4365625,1
0.39625195,-5.7065625,-1
0.34291602,-5.659125,-1
0.15420898,-1.619875,1
0.0925,-0.405875,1
0.15075781,-0.2981875,1
0.14753516,-0.62325,1
0.13383789,-0.706375,1
0.10614258,-0.2461875,1
0.13176758,-0.3184375,1
0.11671289,-0.85325,1
0.37918555,-4.8870625,-1
0.18440625,-0.6248125,1
0.15686523,-0.94725,1
0.27834961,-3.9286875,-1
0.16303125,-1.1005625,1
0.14702148,-1.28975,1
0.12066406,-0.7008125,1
0.095267578,-0.5049375,1
0.16949023,-1.1785,1
0.15358594,-0.56225,1
0.14886328,-0.40175,1
0.1994375,-0.463375,1
0.12764062,-0.390375,1
0.48716016,-4.86025,-1
0.11573242,-0.4068125,1
0.25565625,-1.4544375,1
0.13794531,-0.4776875,1
0.22255859,-2.02525,1
0.23245703,-1.195625,1
0.16217188,-2.327625,1
0.10803516,-0.1565625,1
0.13883789,-0.8361875,1
0.33233008,-5.5936875,-1
0.10207617,-1.067,1
0.40561133,-5.3205,-1
0.34549414,-5.2533125,-1
0.15241797,-2.6614375,-1
0.11921875,-0.508875,1
0.24530469,-4.861,-1
0.12054883,-0.5316875,1
0.26879883,-3.4326875,-1
0.19209375,-0.4173125,1
0.10664258,-1.4766875,1
0.19991992,-3.5648125,-1
0.12649023,-0.3653125,1
0.32481836,-6.3535,-1
0.18139648,-0.618875,1
0.24904688,-4.5860625,-1
0.21677539,-1.36575,1
0.10305469,-0.2403125,1
0.090236328,-0.73775,1
0.18232422,-0.7585,1
0.1652832,-0.774875,1
0.20256055,-1.8050625,1
0.09682226599999999,-0.44275,1
0.09972265599999999,-0.31875,1
0.15209375,-0.8670625,1
0.13455859,-0.41975,1
0.26508984,-4.06,-1
0.090865234,-0.7323125,1
0.17518555,-0.4829375,1
0.15018359,-0.1978125,1
0.13851953,-0.4943125,1
0.19461914,-1.3445625,1
0.27323438,-4.118625,-1
0.11639844,-0.897625,1
0.15276953,-0.793625,1
0.10781641,-0.6705,1
0.096380859,-0.32325,1
0.11195312,-0.3650625,1
0.10279687,-0.2023125,1
0.14711914,-0.7550625,1
0.15537305,-0.8425,1
0.26716211,-0.6474375,1
0.24172656,-0.6289375,1
0.19223047,-0.8635,1
0.21121289,-0.41525,1
0.20566406,-0.5256875,1
0.1553125,-0.3605,1
0.10585156,-0.4585,1
0.25041016,-4.2638125,-1
0.2369043,-4.1780625,-1
0.18532422,-1.690875,1
0.14759375,-0.6025625,1
0.15058984,-0.7519375,1
0.15495508,-0.492875,1
0.1065625,-1.722625,1
0.10953125,-1.2106875,1
0.073541016,-0.704625,1
0.12032031,-0.275875,1
0.16873047,-0.674,1
0.17599805,-0.4551875,1
0.16974609,-0.8895625,1
0.19689648,-1.5423125,1
0.12021484,-0.266625,1
0.12619336,-0.4399375,1
0.1387832,-0.2895,1
0.24887109,-0.7735625,1
0.19436328,-0.691125,1
0.22131836,-0.972,1
0.14681641,-0.7633125,1
0.13424609,-1.040625,1
0.10086328,-0.3555,1
0.13451758,-0.776,1
0.14864063,-0.8965625,1
0.089394531,-0.407625,1
0.11748828,-0.8951875,1
0.27151172,-4.3516875,-1
0.077960938,-0.51175,1
0.10139063,-0.265875,1
0.15570703,-0.706375,1
0.37691602,-4.8575625,-1
0.1989707,-1.7538125,1
0.12149023,-0.6396875,1
0.10471094,-0.235125,1
0.20061523,-1.3003125,1
0.21743555,-0.8601875,1
0.34958789,-6.155125,-1
0.27255078,-4.94375,-1
0.20523633,-0.7739375,1
0.18399219,-0.6701875,1
0.094521484,-0.787,1
0.093222656,-0.914125,1
0.23533594,-0.856375,1
0.23345117,-1.063375,1
0.28416211,-1.2368125,1
0.18671094,-0.538125,1
0.17999414,-0.934875,1
0.20324609,-0.926125,1
0.19198828,-0.5795625,1
0.17612305,-1.000625,1
0.079640625,-0.79925,1
0.13176172,-0.646875,1
0.24884961,-0.97475,1
0.30758008,-4.352375,-1
0.2037168,-4.164625,-1
0.17627734,-3.7154375,-1
0.20374805,-4.2816875,-1
0.3470957,-5.6554375,-1
0.12444727,-0.638875,1
0.28688477,-4.852125,-1
0.11802539,-0.5254375,1
0.13932031,-1.2410625,1
0.29443555,-4.777625,-1
0.17714062,-2.3680625,1
0.15448633,-3.7628125,-1
0.067634766,-1.410875,1
0.19523047,-0.8776875,1
0.38319141,-5.44775,-1
0.089236328,-0.6251875,1
0.22025,-3.0306875,1
0.091064453,-0.33625,1
0.15889062,-0.7723125,1
0.11264648,-0.2361875,1
0.25864844,-4.2033125,-1
0.20147461,-0.6586875,1
0.20106445,-0.5115,1
0.17035547,-0.60275,1
0.20624609,-0.4856875,1
0.15667773,-0.576625,1
0.12742188,-0.7746875,1
0.1367793,-1.2078125,1
0.15593555,-3.0060625,-1
0.13757031,-0.627,1
0.1735625,-0.5236875,1
0.13386328,-0.4603125,1
0.18241406,-1.7259375,1
0.2882832,-4.770875,-1
0.24598828,-4.489875,-1
0.13016797,-0.4386875,1
0.10491016,-0.7456875,1
0.18180469,-3.0364375,-1
0.21874023,-0.899,1
0.20094141,-0.5901875,1
0.38185937,-5.7153125,-1
0.14100391,-0.72,1
0.21762109,-0.919625,1
0.14162305,-1.396,1
0.30476953,-5.2653125,-1
0.231125,-0.94875,1
0.32344922,-5.2779375,-1
0.13760156,-0.6756875,1
0.14508789,-0.4515,1
0.12403711,-0.45925,1
0.23783789,-0.9815625,1
0.1738125,-3.8840625,-1
0.09136718699999999,-0.4304375,1
0.13489258,-0.252625,1
0.11755859,-0.546625,1
0.060169922,-0.6791875,1
0.15309961,-0.517875,1
0.18081641,-3.34325,-1
0.28462695,-4.688625,-1
0.36860742,-5.2060625,-1
0.19113086,-0.9529375,1
0.31378711,-4.869,-1
0.2720625,-5.821875,-1
0.37411719,-4.8251875,-1
0.21592969,-0.6776875,1
0.35986719,-5.0923125,-1
0.13743359,-0.297875,1
0.31410352,-5.3563125,-1
0.37716016,-5.5358125,-1
0.19616016,-0.8749375,1
0.38608203,-5.83775,-1
0.17764258,-3.615625,-1
0.23594531,-4.2834375,-1
0.10736719,-0.22725,1
0.12208984,-0.3139375,1
0.09361132800000001,-0.458625,1
0.14385742,-0.716375,1
0.15754102,-0.3066875,1
0.19193359,-1.929375,1
0.23297852,-3.4668125,-1
0.11691992,-0.5206875,1
0.33986133,-5.56675,-1
0.34370508,-6.6133125,-1
0.28977539,-5.54325,-1
0.16531836,-0.9685,1
0.18545703,-3.2850625,-1
0.19510156,-0.5563125,1
0.17750586,-0.406875,1
0.26604883,-5.25375,-1
0.14119141,-0.4194375,1
0.14755273,-0.888,1
0.12993359,-1.4123125,1
0.1147207,-0.7149375,1
0.31289453,-4.549,-1
0.11771484,-0.616875,1
0.20846484,-0.99375,1
0.094763672,-0.387625,1
0.10303711,-0.8368125,1
0.09512695300000001,-1.0759375,1
0.09196875,-0.3141875,1
0.15125391,-0.55175,1
0.2479082,-4.1050625,-1
0.17710352,-0.5270625,1
0.13530078,-0.444875,1
0.1347207,-0.775875,1
0.20369141,-1.43725,1
0.11716797,-0.513625,1
0.27169336,-5.148125,-1
0.13424219,-0.5000625,1
0.14160156,-0.5989375,1
0.24479297,-1.2194375,1
0.20809961,-0.483625,1
0.20914453,-0.4818125,1
0.40190039,-4.0061875,-1
0.41519336,-4.189625,-1
0.32014844,-4.688375,-1
0.18764453,-3.5874375,-1
0.10148242,-0.4575,1
0.091589844,-0.5614375,1
0.11670117,-0.622625,1
0.12712305,-0.6914375,1
0.30072461,-5.2973125,-1
0.24657422,-5.283375,-1
0.13001367,-0.53625,1
0.19203906,-0.745625,1
0.13571484,-1.0553125,1
0.20479297,-4.5269375,-1
0.083164063,-0.5235,1
0.31609375,-4.556375,-1
0.16033008,-0.694875,1
0.16083203,-0.8519375,1
0.13907227,-0.529875,1
0.23667383,-3.7280625,-1
0.18955664,-0.8383125,1
0.10375391,-0.212,1
0.20165625,-0.8826875,1
0.1653418,-1.166875,1
0.14779688,-0.9204375,1
0.2713125,-4.0443125,-1
0.38089258,-4.9790625,-1
0.13903711,-0.8685625,1
0.12626758,-0.246375,1
0.18621875,-1.0839375,1
0.18196484,-0.68075,1
0.21911914,-0.590625,1
0.1649375,-0.4799375,1
0.3780293,-5.445875,-1
0.14872266,-0.407125,1
0.16046484,-0.79175,1
0.22146875,-4.413,-1
0.22937891,-0.679375,1
0.15563281,-3.469125,-1
0.18467578,-2.040125,1
0.39191602,-5.2935,-1
0.16627539,-0.5924375,1
0.37720898,-5.5465625,-1
0.28387695,-4.8706875,-1
0.284875,-5.496625,-1
0.1249668,-0.989125,1
0.15659961,-3.070875,-1
0.092253906,-1.2986875,1
0.14417773,-0.458875,1
0.33624023,-6.860125,-1
0.16164258,-0.3683125,1
0.16263477,-0.3573125,1
0.24494141,-4.1144375,-1
0.2751875,-4.6055625,-1
0.25738867,-4.4885,-1
0.092449219,-1.3479375,1
0.26739062,-5.0718125,-1
0.31599023,-4.90325,-1
0.15559766,-0.45925,1
0.28314844,-4.734,-1
0.31408984,-5.2239375,-1
0.19182813,-1.3671875,1
0.34810156,-5.0919375,-1
0.22113672,-3.8909375,-1
0.24269336,-4.49325,-1
0.11262109,-0.8276875,1
0.39140039,-5.2985625,-1
0.18350195,-2.1923125,1
0.20761914,-1.4529375,1
0.1375918,-0.3901875,1
0.40123242,-5.4555625,-1
0.33154688,-4.8363125,-1
0.35174023,-4.682875,-1
0.21965625,-4.0564375,-1
0.30915625,-4.5255,-1
0.37858984,-6.0868125,-1
0.25016406,-5.0289375,-1
0.21081055,-3.7844375,-1
0.11748828,-0.4265,1
0.15663281,-3.2999375,-1
0.11569922,-0.68975,1
0.28595703,-5.3775625,-1
0.13530273,-0.4311875,1
0.098894531,-0.3690625,1
0.16294336,-0.344,1
0.2179043,-4.7313125,-1
0.19526562,-3.679375,-1
0.10410156,-0.1661875,1
0.25605469,-4.37625,-1
0.35900977,-5.2805,-1
0.33317188,-4.68725,-1
0.36764648,-5.1503125,-1
0.17526562,-0.863125,1
0.13030859,-0.74725,1
0.13804688,-0.4255,1
0.16597852,-0.8105625,1
0.10248438,-0.7654375,1
0.2320293,-1.118875,1
0.22644727,-1.011625,1
0.22788867,-3.7604375,-1
0.18129492,-0.608375,1
0.14631836,-0.4338125,1
0.16998828,-1.1355625,1
0.13388281,-0.929875,1
0.12610742,-0.953125,1
0.24993945,-5.5373125,-1
0.18333398,-3.381,-1
0.11643945,-0.48,1
0.19073438,-4.4073125,-1
0.36661328,-6.022,-1
0.21323438,-0.878375,1
0.16304102,-0.6496875,1
0.29732031,-4.5391875,-1
0.14149414,-0.619625,1
0.13190039,-0.535,1
0.36959961,-5.9623125,-1
0.34438281,-4.893,-1
0.20406445,-1.2705625,1
0.17159961,-0.75375,1
0.2449043,-4.3559375,-1
0.39398437,-5.7020625,-1
0.13112695,-0.6868125,1
0.14714258,-0.4634375,1
0.33589062,-4.5236875,-1
0.20280469,-1.346875,1
0.12524609,-0.281875,1
0.20143945,-0.727875,1
0.12955469,-1.1235625,1
0.090236328,-0.5974375,1
0.14189063,-0.6464375,1
0.1505293,-1.2823125,1
0.16164062,-0.879,1
0.35889453,-4.4951875,-1
0.21766992,-0.907375,1
0.25284766,-1.5586875,1
0.12036133,-1.40125,1
0.17372852,-0.3841875,1
0.30651367,-4.6270625,-1
0.27312891,-4.0998125,-1
0.13116602,-0.756125,1
0.28589844,-4.4878125,-1
0.17125391,-3.1401875,-1
0.37286523,-4.83775,-1
0.11962891,-0.4805625,1
0.15900781,-0.5613125,1
0.23095703,-0.5875,1
0.26035937,-1.318125,1
0.19900977,-1.1204375,1
0.14235547,-0.5439375,1
0.26533594,-4.871,-1
0.24624609,-5.011375,-1
0.26099023,-5.0278125,-1
0.27323437,-4.4154375,-1
0.21907031,-3.1823125,-1
0.32371875,-4.4525,-1
0.1970332,-1.14525,1
0.11639648,-1.314625,1
0.094730469,-0.640625,1
0.20186328,-1.2709375,1
0.13998437,-0.4235,1
0.14380469,-0.87225,1
0.1048457,-0.404,1
0.10165625,-0.324625,1
0.22279883,-4.62925,-1
0.16305664,-0.8150625,1
0.28259961,-4.61725,-1
0.21282422,-4.698,-1
0.077263672,-1.0995,1
0.29868555,-5.44775,-1
0.17305469,-1.5033125,1
0.31258008,-5.577875,-1
0.14126953,-0.5951875,1
0.1357207,-0.4694375,1
0.08171679700000001,-0.5680625,1
0.08966015599999999,-0.3435,1
0.23544531,-5.3535,-1
0.26776367,-4.0185625,-1
0.14004297,-0.4045,1
0.29039062,-4.55775,-1
0.11088867,-0.5460625,1
0.18055859,-0.52275,1
0.12200781,-0.4491875,1
0.11741211,-0.589875,1
0.11374805,-0.61875,1
0.31123828,-5.179625,-1
0.10909375,-1.11075,1
0.11228125,-0.635,1
0.30776562,-5.9931875,-1
0.15175,-2.97025,-1
0.33039648,-5.4395,-1
0.15036328,-0.5105625,1
0.15942383,-1.0588125,1
0.35174805,-4.259375,-1
0.075421875,-0.745375,1
0.28732031,-5.3385,-1
0.12333398,-0.8314375,1
0.2760918,-4.324,-1
0.39990039,-5.5281875,-1
0.17619141,-1.071875,1
0.11741602,-0.7308125,1
0.21464258,-4.6244375,-1
0.15626562,-1.477,1
0.24214063,-4.5038125,-1
0.12882031,-0.76225,1
0.13519727,-0.3946875,1
0.43591602,-5.860375,-1
0.29987109,-4.4885625,-1
0.13360547,-0.4934375,1
0.35918359,-5.1936875,-1
0.30384375,-4.66825,-1
0.12141992,-0.1913125,1
0.37999023,-5.022125,-1
0.26012891,-0.84825,1
0.21192969,-0.6360625,1
0.18276953,-0.6291875,1
0.34343359,-4.500875,-1
0.35570117,-4.8763125,-1
0.15686523,-1.1291875,1
0.082171875,-0.5553125,1
0.099912109,-0.2281875,1
0.09196875,-0.3166875,1
0.1179082,-0.281875,1
0.10485156,-0.66725,1
0.18800781,-3.768125,-1
0.23883594,-4.293125,-1
0.1204668,-0.5898125,1
0.13850195,-0.655,1
0.10866797,-0.5028125,1
0.098341797,-0.499875,1
0.10531641,-0.38825,1
0.11030664,-0.315125,1
0.23888281,-5.203,-1
0.137,-0.6551875,1
0.13151758,-0.8149375,1
0.098625,-0.7690625,1
0.45997461,-6.2921875,-1
0.17666211,-0.451375,1
0.21139453,-0.498375,1
0.17188867,-0.9570625,1
0.32398437,-5.519,-1
0.12803125,-1.108625,1
0.20137891,-0.74275,1
0.10131836,-0.49875,1
0.24407227,-4.229,-1
0.12868945,-0.7908125,1
0.24999023,-4.23425,-1
0.1595,-0.8375,1
0.10248828,-0.332125,1
0.20068359,-0.5784375,1
0.094980469,-0.3855,1
0.26863672,-3.92925,-1
0.33615625,-4.82075,-1
0.37671289,-4.9030625,-1
0.35058203,-5.5184375,-1
0.15662109,-3.363625,-1
0.24387891,-4.462125,-1
0.2542207,-4.6595,-1
0.14410742,-0.680875,1
0.23759961,-3.883125,-1
0.15335352,-3.1814375,-1
0.31617773,-5.575875,-1
0.33393945,-5.0185,-1
0.18408398,-1.84125,1
0.09404492199999999,-0.4548125,1
0.089603516,-0.2883125,1
0.15856836,-0.29775,1
0.12512305,-0.399,1
0.12841406,-0.606875,1
0.27375977,-5.0396875,-1
0.10089258,-0.755375,1
0.45030664,-4.5109375,-1
0.19080664,-0.4435,1
0.29270508,-5.25575,-1
0.32026367,-6.1031875,-1
0.30499414,-5.6374375,-1
0.31149023,-4.888,-1
0.16867969,-0.6488125,1
0.082208984,-0.7716875,1
0.29332227,-5.5399375,-1
0.30049023,-4.7780625,-1
0.20055078,-4.0369375,-1
0.10423633,-0.6513125,1
0.10682617,-0.819125,1
0.12527344,-0.50725,1
0.18700195,-3.6405,-1
0.12323242,-0.380125,1
0.31383203,-5.590375,-1
0.40238867,-4.4288125,-1
0.33367383,-4.751375,-1
0.20983008,-0.48175,1
0.23014453,-0.8570625,1
0.16304102,-0.7679375,1
0.13646875,-0.7035,1
0.17312305,-0.571875,1
0.20600586,-0.7874375,1
0.19561914,-0.8390625,1
0.12008008,-0.25775,1
0.3155957,-4.250125,-1
0.10151172,-0.2658125,1
0.2073418,-3.732875,-1
0.29419531,-5.00075,-1
0.2588418,-4.531875,-1
0.08768554699999999,-0.4531875,1
0.18242383,-0.55425,1
0.37291602,-5.604,-1
0.15605664,-3.3848125,-1
0.090515625,-0.3639375,1
0.1407793,-0.6819375,1
0.21972656,-4.0135,-1
0.30444727,-5.1534375,-1
0.20376172,-0.978,1
0.39944727,-5.0774375,-1
0.13136719,-0.8565625,1
0.22061328,-3.57275,-1
0.23155859,-4.342375,-1
0.17587695,-3.6184375,-1
0.12408984,-0.189,1
0.39452734,-5.0855,-1
0.095197266,-0.3486875,1
0.12140039,-1.143,1
0.2189375,-4.7980625,-1
0.23667187,-4.167375,-1
0.094089844,-0.35575,1
0.09915429699999999,-0.773875,1
0.25246094,-4.52725,-1
0.31454688,-4.9918125,-1
0.21675391,-1.0773125,1
0.36413867,-6.3994375,-1
0.14318945,-0.675125,1
0.22468359,-4.2766875,-1
0.24639063,-4.836125,-1
0.11387891,-0.82475,1
0.10407031,-2.424125,-1
0.10687305,-0.574,1
0.31027734,-5.6106875,-1
0.14930469,-0.344,1
0.10986133,-1.25375,1
0.12254492,-0.5324375,1
0.11367188,-0.2075625,1
0.12725781,-0.9393125,1
0.14340234,-0.4580625,1
0.1196875,-0.91925,1
0.13744531,-0.3645625,1
0.19628125,-0.9126875,1
0.12369336,-0.511125,1
0.18658008,-1.3195,1
0.21427539,-0.7265625,1
0.38444141,-4.484,-1
0.37807812,-5.0475,-1
0.08801757800000001,-0.839125,1
0.25825195,-4.7050625,-1
0.18004883,-0.660875,1
0.0866875,-0.53075,1
0.17012109,-0.9794375,1
0.29933594,-5.2721875,-1
0.28783203,-5.12625,-1
0.24499219,-4.573,-1
0.07600781200000001,-0.794375,1
0.11025195,-0.245875,1
0.43064648,-5.9849375,-1
0.30909961,-4.58375,-1
0.21106641,-1.4304375,1
0.29062305,-5.0640625,-1
0.3282168,-6.19075,-1
0.39866602,-5.4680625,-1
0.12306641,-0.3733125,1
0.23102539,-0.31325,1
0.15599219,-0.976125,1
0.29203516,-4.9071875,-1
0.21123633,-4.2875,-1
0.24498437,-4.217875,-1
0.45663086,-6.1100625,-1
0.24031641,-4.144875,-1
0.18005273,-0.5976875,1
0.23630273,-1.0464375,1
0.20524219,-0.7213125,1
0.34943555,-4.5045,-1
0.14083008,-0.521,1
0.25045312,-5.030375,-1
0.10266602,-0.3030625,1
0.12006641,-0.2590625,1
0.3662168,-5.5426875,-1
0.16295312,-0.648,1
0.16965039,-0.768625,1
0.27758789,-5.3843125,-1
0.1772793,-0.761,1
0.2814668,-3.89525,-1
0.24623047,-4.563,-1
0.25221875,-5.3188125,-1
0.1867168,-3.8624375,-1
0.10920508,-0.5159375,1
0.22005664,-4.01325,-1
0.30969531,-4.8235625,-1
0.16279883,-1.3314375,1
0.13242773,-0.5873125,1
0.25135156,-5.2499375,-1
0.10847266,-0.7294375,1
0.27326758,-5.4265,-1
0.2585625,-5.0456875,-1
0.15972852,-0.6175625,1
0.30285937,-5.6975625,-1
0.10000977,-0.54025,1
0.11242773,-0.6503125,1
0.21794531,-3.825375,-1
0.30346094,-5.1415,-1
0.1687168,-1.07825,1
0.14550586,-0.4994375,1
0.28564453,-4.8018125,-1
0.14422852,-0.453125,1
0.099580078,-0.4653125,1
0.13085352,-0.681625,1
0.30116211,-5.28175,-1
0.38377344,-6.2124375,-1
0.33831641,-5.011375,-1
0.15964258,-4.055,-1
0.21822266,-3.4904375,-1
0.09449804699999999,-0.5005,1
0.076214844,-0.8195,1
0.17911133,-0.8889375,1
0.39941406,-5.231875,-1
0.3675957,-5.8905625,-1
0.18062891,-0.5714375,1
0.1101543,-0.4315625,1
0.10205469,-0.46125,1
0.088183594,-0.51125,1
0.21958594,-4.20025,-1
0.09271875,-0.50975,1
0.13844922,-0.5644375,1
0.2936582,-4.881,-1
0.12203125,-0.36325,1
0.18491797,-1.406,1
0.24779688,-4.3188125,-1
0.28594531,-5.5890625,-1
0.15279492,-0.351375,1
0.17974414,-0.6109375,1
0.39553906,-4.077875,-1
0.32921094,-5.0735625,-1
0.23776758,-4.4204375,-1
0.23776758,-4.6514375,-1
0.12977539,-0.7744375,1
0.28563477,-5.0140625,-1
0.10953906,-0.2093125,1
0.18161914,-3.980125,-1
0.34759375,-5.3243125,-1
0.28905469,-3.669375,1
0.1299668,-0.6614375,1
0.21999219,-4.3706875,-1
0.30235937,-4.5140625,-1
0.369375,-4.5480625,-1
0.25419531,-4.5434375,-1
0.12097266,-1.23825,1
0.2731875,-5.0144375,-1
0.29423437,-5.510375,-1
0.16407031,-0.9909375,1
0.19822656,-0.4559375,1
0.11247852,-0.70775,1
0.11146289,-0.525625,1
0.1625918,-0.7711875,1
0.26322461,-5.4883125,-1
0.12621094,-0.2626875,1
0.11013086,-0.2614375,1
0.28383789,-4.0355,-1
0.35208008,-4.6825,-1
0.090832031,-0.413625,1
0.15547266,-1.14625,1
0.15591992,-0.8040625,1
0.09261718699999999,-0.48525,1
0.10375,-0.3034375,1
0.076640625,-0.559,1
0.30614453,-5.2485625,-1
0.30364453,-5.5271875,-1
0.11448242,-0.395875,1
0.14642578,-1.6275625,1
0.15937305,-3.3386875,-1
0.16400781,-3.708375,-1
0.14236523,-2.8335,-1
0.082849609,-0.51425,1
0.09711718800000001,-0.2763125,1
0.088917969,-0.41075,1
0.13744922,-0.5033125,1
0.16908984,-1.0158125,1
0.30972266,-5.4668125,-1
0.27334961,-5.794,-1
0.22604883,-4.733125,-1
0.22366992,-1.713625,1
0.17925391,-0.3043125,1
0.16488281,-0.8014375,1
0.16041602,-1.4425625,1
0.26363281,-4.3346875,-1
0.15711523,-0.3749375,1
0.1085,-1.054,1
0.34606445,-6.244125,-1
0.27218164,-4.5251875,-1
0.22181641,-4.1625625,-1
0.096857422,-0.671,1
0.16453125,-1.2055625,1
0.22076563,-0.85375,1
0.21443945,-4.1285625,-1
0.13367773,-0.4679375,1
0.16836328,-0.9831875,1
0.1366582,-0.8914375,1
0.11336719,-0.547625,1
0.11625781,-1.134125,1
0.2355957,-4.287875,-1
0.31257617,-5.3324375,-1
0.20705664,-0.99,1
0.23139062,-0.6240625,1
0.44727148,-5.6630625,-1
0.11569922,-0.3685625,1
0.26904297,-4.7441875,-1
0.13254688,-0.71225,1
0.36598828,-5.2701875,-1
0.31229102,-6.0148125,-1
0.44730469,-5.969375,-1
0.16499609,-2.9005,-1
0.17932031,-2.390125,-1
0.082671875,-0.6861875,1
0.18921875,-0.769625,1
0.41330273,-6.1581875,-1
0.19066406,-3.7959375,-1
0.22706055,-4.6515625,-1
0.11476953,-0.8813125,1
0.25085156,-0.6616875,1
0.25650781,-4.108625,-1
0.37120117,-5.6313125,-1
0.086097656,-1.1035,1
0.27845508,-4.615,-1
0.32357617,-5.043375,-1
0.11790625,-0.303625,1
0.16215625,-0.8524375,1
0.14965625,-0.3728125,1
0.12167188,-0.3645,1
0.25786328,-0.944125,1
0.10613281,-0.24175,1
0.21193945,-3.8865,-1
0.20489258,-4.5708125,-1
0.11179687,-0.3708125,1
0.37115234,-5.0883125,-1
0.19703125,-1.2106875,1
0.11030664,-0.3095625,1
0.094185547,-0.5078125,1
0.37664063,-5.6056875,-1
0.17282813,-0.844375,1
0.28219141,-4.966625,-1
0.14059961,-0.430375,1
0.13075781,-0.4119375,1
0.18823633,-0.584125,1
0.17061719,-0.85125,1
0.17968555,-0.65175,1
0.19653906,-0.4888125,1
0.12494922,-0.4011875,1
0.11653906,-0.91975,1
0.25155859,-4.918375,-1
0.25415625,-5.34975,-1
0.3091875,-5.107,-1
0.12818555,-1.0766875,1
0.18000586,-2.755125,-1
0.16345508,-1.4323125,1
0.15147266,-0.878625,1
0.16926563,-0.444,1
0.36560547,-5.119625,-1
0.38048438,-5.484625,-1
0.15340039,-0.8690625,1
0.1204043,-0.27,1
0.31440039,-5.4684375,-1
0.29119141,-3.1743125,-1
0.18852539,-0.7250625,1
0.14018359,-0.7805,1
0.11500781,-0.2405625,1
0.31914844,-4.2864375,-1
0.1582207,-0.76625,1
0.12050781,-0.4821875,1
0.18616406,-0.32975,1
0.17527344,-0.6795,1
0.10791797,-0.749875,1
0.09989648400000001,-0.499875,1
0.17454492,-1.0478125,1
0.14049023,-0.4394375,1
0.11278516,-1.221,1
0.10293945,-0.3921875,1
0.091978516,-0.4714375,1
0.12050391,-0.5638125,1
0.10688477,-0.239125,1
0.24219531,-1.26275,1
0.24021875,-0.7291875,1
0.09889257800000001,-0.6958125,1
0.11540039,-0.835625,1
0.1463125,-0.5529375,1
0.094371094,-0.669875,1
0.10129297,-0.3945,1
0.12153516,-0.538125,1
0.166,-1.25175,1
0.1389707,-0.4585625,1
0.12325977,-0.4654375,1
0.13203906,-0.3524375,1
0.10169141,-0.2866875,1
0.096521484,-0.7900625,1
0.10144727,-0.3619375,1
0.074298828,-1.0331875,1
0.19226758,-0.54525,1
0.12051562,-0.6193125,1
0.15201953,-0.5875625,1
0.14479102,-0.7799375,1
0.13817773,-0.51925,1
0.11148242,-0.46475,1
0.12692578,-0.5176875,1
0.1220293,-0.50725,1
0.12993359,-0.263125,1
0.073650391,-1.0048125,1
0.097087891,-0.6216875,1
0.08902343800000001,-0.5033125,1
0.27748437,-4.232625,-1
0.22673242,-4.5121875,-1
0.13432812,-2.488,-1
0.207125,-0.7299375,1
0.13973242,-0.7441875,1
0.17530078,-0.9114375,1
0.11089844,-0.2035625,1
0.21480469,-0.8688125,1
0.13499609,-0.7698125,1
0.1322207,-0.179,1
0.11324219,-0.802375,1
0.16694141,-0.9258125,1
0.29301563,-5.014,-1
0.12264258,-1.255875,1
0.11850391,-0.650625,1
0.34613867,-4.878,-1
0.11933008,-1.317,1
0.30482617,-3.0379375,-1
0.32592383,-4.158,-1
0.27324805,-4.7464375,-1
0.26039062,-4.573875,-1
0.23752344,-3.9145,-1
0.15450781,-0.4694375,1
0.1560293,-0.5514375,1
0.30291602,-0.991625,1
0.31554102,-1.5011875,1
0.286375,-4.498375,-1
0.17342969,-3.4353125,-1
0.16424414,-1.067375,1
0.14164258,-1.2774375,1
0.13012695,-0.6781875,1
0.094574219,-0.393375,1
0.10383789,-1.3301875,1
0.09749804699999999,-1.346875,1
0.10355469,-1.358375,1
0.26600391,-5.95225,-1
0.20650391,-3.9256875,-1
0.10168555,-0.2433125,1
0.10214453,-0.3369375,1
0.096841797,-0.3508125,1
0.12479883,-0.6433125,1
0.1972168,-0.7253125,1
0.40545312,-6.2274375,-1
0.16160156,-0.482125,1
0.32581836,-5.1521875,-1
0.13950586,-0.9530625,1
0.25748828,-0.9090625,1
0.21317188,-0.3318125,1
0.14039258,-0.50475,1
0.23612891,-4.33225,-1
0.45595703,-5.719625,-1
0.15374805,-1.035875,1
0.330375,-4.9874375,-1
0.40119336,-7.3266875,-1
0.20789063,-3.1371875,-1
0.2164375,-0.5284375,1
0.18120703,-0.5469375,1
0.15630078,-1.555375,1
0.19514063,-3.7558125,-1
0.21905469,-3.8708125,-1
0.41617578,-5.48325,-1
0.16394531,-1.220625,1
0.13239258,-0.7931875,1
0.20820312,-0.5004375,1
0.16663672,-1.2071875,1
0.19907422,-0.9955,1
0.30120898,-4.5260625,-1
0.35631055,-5.519,-1
0.30795703,-6.1831875,-1
0.27466602,-6.4654375,-1
0.32593555,-5.2068125,-1
0.2432207,-0.8563125,1
0.10604102,-0.3180625,1
0.099923828,-0.4315,1
0.11803906,-0.4515625,1
0.23947656,-3.9203125,-1
0.11346094,-0.9969375,1
0.13479492,-1.7898125,1
0.087550781,-0.7065,1
0.35628711,-6.539625,-1
0.18500391,-0.453625,1
0.24758594,-5.0631875,-1
0.1999375,-3.966625,-1
0.21671484,-4.16775,-1
0.50546875,-2.978125,-1
0.34544336,-5.7846875,-1
0.34107617,-5.24025,-1
0.16987305,-0.8109375,1
0.2635918,-5.0038125,-1
0.26429297,-4.2974375,-1
0.34817773,-5.007625,-1
0.15477344,-3.1905625,-1
0.20798828,-4.5903125,-1
0.2029707,-4.5528125,-1
0.16221484,-3.8394375,-1
0.16737891,-4.012875,-1
0.26544531,-4.9369375,-1
0.22532617,-3.8934375,-1
0.18665039,-1.145625,1
0.27839258,-5.0685,-1
0.39371289,-5.3565,-1
0.4003418,-4.8186875,-1
0.21882617,-0.8991875,1
0.18990234,-1.227375,1
0.13131055,-0.839625,1
0.12651562,-0.575875,1
0.1740918,-0.6516875,1
0.15716602,-1.198625,1
0.13534766,-0.5673125,1
0.40289063,-5.0608125,-1
0.18193164,-4.0205,-1
0.15392969,-0.8336875,1
0.29921875,-5.0480625,-1
0.17749023,-1.3291875,1
0.19226758,-0.76975,1
0.12094922,-0.8600625,1
0.17516211,-0.640875,1
0.099724609,-0.323875,1
0.13491797,-0.6651875,1
0.15436523,-0.9586875,1
0.12639453,-1.29225,1
0.20559375,-0.657125,1
0.20822461,-0.7538125,1
0.24937305,-5.06975,-1
0.21367187,-5.067625,-1
0.11064453,-0.701125,1
0.3006875,-3.8331875,-1
0.31645703,-4.6393125,-1
0.2133125,-0.990375,1
0.21133984,-4.653,-1
0.26028125,-5.3745,-1
0.36280859,-5.7243125,-1
0.29311328,-4.3414375,-1
0.22214258,-4.20075,-1
0.11556836,-0.6775625,1
0.11764258,-0.402625,1
0.1232832,-0.8015625,1
0.27653711,-4.9450625,-1
0.27436328,-4.999875,-1
0.18051758,-0.4456875,1
0.13882031,-0.411375,1
0.095435547,-0.3585,1
0.17983594,-1.146625,1
0.10081836,-0.3579375,1
0.21148828,-4.67825,-1
0.25700195,-5.4485,-1
0.19230078,-1.6540625,1
0.15078711,-0.7690625,1
0.31710937,-4.3620625,-1
0.10748437,-0.9036875,1
0.2314668,-4.4350625,-1
0.14973047,-0.452375,1
0.27030078,-1.6701875,1
0.22239453,-4.231375,-1
0.13665039,-0.72075,1
0.23898828,-4.7155,-1
0.36478711,-5.8079375,-1
0.29875586,-5.5695,-1
0.41792383,-5.6728125,-1
0.28633789,-6.1458125,-1
0.18764453,-4.048125,-1
0.25813086,-3.672125,-1
0.1055293,-0.610375,1
0.31997461,-4.7644375,-1
0.12122656,-1.3519375,1
0.10492383,-0.9184375,1
0.1434043,-0.8819375,1
0.31799219,-3.949,-1
0.13449609,-0.8108125,1
0.080568359,-0.575125,1
0.09200195300000001,-0.715875,1
0.13867969,-0.859,1
0.18249023,-1.704875,1
0.14428711,-0.579375,1
0.24804883,-4.5755625,-1
0.1407832,-1.13525,1
0.1527168,-1.0211875,1
0.22599805,-4.295625,-1
0.26445117,-6.1681875,-1
0.2009082,-3.641875,-1
0.1173418,-0.5135,1
0.12603711,-0.642625,1
0.10416406,-1.4846875,1
0.14710938,-0.22725,1
0.12719922,-0.9071875,1
0.1526582,-3.2295625,-1
0.19366406,-0.4765,1
0.16120703,-0.412125,1
0.14616992,-0.3716875,1
0.28,-4.6884375,-1
0.12774414,-1.2005625,1
0.20523242,-0.36,1
0.16234766,-0.581,1
0.16658789,-0.4264375,1
0.11253125,-0.847,1
0.11959766,-0.6028125,1
0.28729883,-5.168375,-1
0.20046875,-2.5005,1
0.24790039,-4.9433125,-1
0.17189844,-0.5083125,1
0.13027148,-1.22175,1
0.09044531199999999,-1.3025,1
0.23038086,-0.734625,1
0.24347461,-0.5854375,1
0.2222168,-0.8699375,1
0.15344531,-0.9359375,1
0.24075195,-4.7785625,-1
0.33158594,-4.5533125,-1
0.25719141,-3.743625,-1
0.12721289,-1.0301875,1
0.14048633,-0.548125,1
0.14204102,-0.9299375,1
0.21408984,-4.0924375,-1
0.3429043,-4.523625,-1
0.40263672,-5.2531875,-1
0.20539453,-4.3329375,-1
0.33398242,-4.921625,-1
0.14331055,-0.5680625,1
0.31304102,-5.107625,-1
0.27183984,-5.1100625,-1
0.1275957,-0.4744375,1
0.114125,-0.3439375,1
0.1231543,-0.2958125,1
0.12404102,-1.078,1
0.27432812,-1.215,1
0.09420507800000001,-0.4821875,1
0.13792578,-0.669875,1
0.17559766,-1.279625,1
0.15954297,-0.5095625,1
0.16238672,-0.7190625,1
0.31008008,-5.411625,-1
0.36270117,-5.643375,-1
0.26446094,-4.773,-1
0.2559707,-4.602625,-1
0.09908984400000001,-0.5843125,1
0.38399023,-4.735,-1
0.31316406,-5.430125,-1
0.31185352,-4.9824375,-1
0.31124219,-6.1073125,-1
0.13301367,-0.365,1
0.14988672,-0.6948125,1
0.12496484,-0.490625,1
0.293625,-4.611625,-1
0.17290039,-0.6088125,1
0.3272793,-5.0328125,-1
0.17580078,-1.0739375,1
0.30435937,-6.94625,-1
0.28625391,-5.183375,-1
0.18552734,-0.451625,1
0.17061133,-0.6801875,1
0.12242383,-0.682625,1
0.14089453,-0.61575,1
0.22610742,-1.3413125,1
0.17572852,-0.45175,1
0.30619336,-5.593375,-1
0.2345,-5.0680625,-1
0.18423828,-4.0299375,-1
0.37297266,-4.1598125,-1
0.36199023,-5.0789375,-1
0.37275586,-7.081375,-1
0.35354297,-7.0851875,-1
0.18260742,-0.348375,1
0.13801367,-0.5496875,1
0.35895703,-6.632125,-1
0.11638867,-0.3818125,1
0.1700625,-0.4009375,1
0.27775586,-1.43175,1
0.11418945,-0.9640625,1
0.41917187,-5.483375,-1
0.15311328,-1.0805,1
0.06804882799999999,-0.315,-1
0.15641602,-0.9435,1
0.31582422,-4.7633125,-1
0.19463281,-4.043,-1
0.15857227,-0.69325,1
0.093871094,-0.28325,1
0.08975195300000001,-0.562625,1
0.11033203,-0.3363125,1
0.16300977,-0.52175,1
0.16986914,-0.6136875,1
0.19591602,-0.486625,1
0.12719922,-1.6950625,1
0.093728516,-0.86875,1
0.11539648,-0.379,1
0.11825195,-0.527125,1
0.41373437,-5.745875,-1
0.39512695,-4.9090625,-1
0.41708984,-7.1114375,-1
0.35916016,-4.7018125,-1
0.32087109,-5.274625,-1
0.18249219,-0.9104375,1
0.17750586,-0.623,1
0.12673438,-0.627125,1
0.108125,-0.338375,1
0.15634961,-0.458625,1
0.15819336,-0.981875,1
0.19116602,-1.706625,1
0.1468125,-0.956875,1
0.20376953,-0.6386875,1
0.36837695,-6.2575,-1
0.13191211,-0.392625,1
0.36276172,-4.9273125,-1
0.15412891,-0.297,1
0.10912695,-1.035375,1
0.10581641,-0.5499375,1
0.40685938,-5.1049375,-1
0.21485938,-0.885625,1
0.28948047,-5.2085,-1
0.1252207,-0.51525,1
0.35732227,-6.6468125,-1
0.3703457,-6.1079375,-1
0.18694922,-1.42925,1
0.25339062,-4.637125,-1
0.20436328,-0.445625,1
0.105125,-0.7613125,1
0.19591602,-3.3183125,-1
0.13683008,-0.8329375,1
0.12449023,-0.4356875,1
0.10494922,-0.7160625,1
0.10514258,-0.224,1
0.35157227,-1.6589375,1
0.14219141,-0.4508125,1
0.1447207,-0.6491875,1
0.17333594,-1.2938125,1
0.12987891,-0.588625,1
0.12447852,-0.4695,1
0.32278711,-6.0531875,-1
0.26810547,-6.101125,-1
0.16695313,-0.54225,1
0.10458203,-0.34025,1
0.36524414,-5.6711875,-1
0.21464844,-5.0144375,-1
0.13350781,-0.791375,1
0.13016992,-0.2438125,1
0.12068359,-0.45025,1
0.11573047,-0.8244375,1
0.10584961,-0.2670625,1
0.13685547,-1.0016875,1
0.28458594,-6.0638125,-1
0.25924219,-5.2435,-1
0.26591016,-3.618625,-1
0.17308008,-1.1093125,1
0.23612109,-4.8973125,-1
0.24375781,-4.0209375,-1
0.32016211,-4.0165625,-1
0.1390332,-0.3398125,1
0.14047461,-0.329875,1
0.1491582,-0.2735625,1
0.11901953,-0.52775,1
0.35369141,-4.686375,-1
0.15455078,-0.7871875,1
0.27696484,-4.2766875,-1
0.27724023,-3.912125,-1
0.2792832,-4.56025,-1
0.13374023,-0.63775,1
0.2023457,-0.782375,1
0.16867578,-0.6668125,1
0.13520312,-0.518125,1
0.2860332,-5.7048125,-1
0.14095898,-0.400125,1
0.48453711,-3.700375,-1
0.31548633,-4.1495,-1
0.15826172,-0.267,1
0.1653418,-0.5401875,1
0.10489844,-0.33525,1
0.26807227,-5.3609375,-1
0.22942383,-3.4251875,-1
0.10010156,-0.3700625,1
0.20572656,-4.2385,-1
0.24443555,-3.5398125,-1
0.14058203,-0.764375,1
0.098832031,-0.55675,1
0.26740625,-0.86625,1
0.12051562,-0.2690625,1
0.15219141,-0.6,1
0.22366797,-1.3763125,1
0.18711914,-2.3135,1
0.29265039,-4.442625,-1
0.16342383,-1.017125,1
0.25596094,-4.934375,-1
0.27296094,-5.079125,-1
0.19947461,-4.2119375,-1
0.36796094,-5.66,-1
0.35529297,-4.68275,-1
0.23288086,-4.4238125,-1
0.19510352,-1.2179375,1
0.1688457,-0.58225,1
0.2762207,-0.91625,1
